"Name","CAS.Number","Synonyms","Observation","Year","TMP","FT","VLEP.8h..ppm.","VLEP.8h..mg.m3.","VLEP.CT..ppm.","VLEP.CT..mg.m3.","Type.of.limit.value","SMILES"
"(2-méthoxyméthylethoxy)-propanol","34590-94-8","Ether méthylique du dipropylène-glycol","Risque de pénétration percutanée","2007","84",NA,50,308,NA,NA,"Valeurs limites réglementaires contraignantes (article R. 4412-149 du Code du travail)","COC(C)COC(C)CO"
"1,1,1,2-Tétrachlorodifluoroéthane","76-11-9","","","1987","",NA,500,4170,NA,NA,"","FC(F)(Cl)C(Cl)(Cl)Cl"
"1,1,1-Trichloroéthane","71-55-6","","","2006","12",26,100,555,200,1110,"Valeurs limites réglementaires contraignantes (article R. 4412-149 du Code du travail)","CC(Cl)(Cl)Cl"
"1,1,2,2-Tétrabromoéthane","79-27-6","Tétrabromure d'acétylène","","1987","",NA,1,15,NA,NA,"","BrC(Br)C(Br)Br"
"1,1,2,2-Tétrachlorodifluoroéthane","76-12-0","","","1987","",NA,500,4170,NA,NA,"","FC(Cl)(Cl)C(F)(Cl)Cl"
"1,1,2,2-Tétrachloroéthane","79-34-5","","","1983","3",36,1,7,5,35,"","ClC(Cl)C(Cl)Cl"
"1,1,2-Trichlorotrifluoroéthane (F 113)","76-13-1","","","1983","",65,1000,7600,1250,9500,"","FC(F)(Cl)C(F)(Cl)Cl"
"1,1-Dichloro-1-nitroéthane","594-72-9","","","1987","",NA,2,10,NA,NA,"","CC(Cl)(Cl)[N+]([O-])=O"
"1,1-Dichloroéthane","75-34-3","","Risque de pénétration percutanée","2004","",NA,100,412,NA,NA,"Valeurs limites réglementaires indicatives (arrêté du 30-06-2004 modifié)","CC(Cl)Cl"
"1,1-Dichloroéthylène","75-35-4","Chlorure de vinylidène","Cancérogène de catégorie 2","2019","12",NA,2,8,5,20,"Valeurs limites réglementaires contraignantes (article R. 4412-149 du Code du travail)","ClC(Cl)=C"
"1,1-Diméthylhydrazine","57-14-7","","Cancérogène de catégorie 1B, Risques d'allergie cutanée","1983","",NA,0.1,0.2,NA,NA,"","CN(C)N"
"1,2,3-Triméthylbenzène","526-73-8","","","2007","84",NA,20,100,50,250,"Valeurs limites réglementaires contraignantes (article R. 4412-149 du Code du travail)","Cc1cccc(C)c1C"
"1,2,4-Trichlorobenzène","120-82-1","","Risque de pénétration percutanée","2007","9",151,2,15.1,5,37.8,"Valeurs limites réglementaires contraignantes (article R. 4412-149 du Code du travail)","Clc1ccc(Cl)c(Cl)c1"
"1,2,4-Triméthylbenzène","95-63-6","","","2007","84",NA,20,100,50,250,"Valeurs limites réglementaires contraignantes (article R. 4412-149 du Code du travail)","Cc1ccc(C)c(C)c1"
"1,2-Diaminoéthane","107-15-3","Ethylènediamine","","1984","49,49 BIS",NA,10,25,15,35,"","NCCN"
"1,2-Dichlorobenzène","95-50-1","","Risque de pénétration percutanée","2007","9",73,20,122,50,306,"Valeurs limites réglementaires contraignantes (article R. 4412-149 du Code du travail)","Clc1ccccc1Cl"
"1,2-Dichloroéthane","107-06-2","Dichlorure d'éthylène","Cancérogène de catégorie 1B, Risque de pénétration percutanée","2021","12",54,2,8.2,NA,NA,"Valeurs limites réglementaires contraignantes (article R. 4412-149 du Code du travail)","ClCCCl"
"1,2-Dichloropropane","78-87-5","","Cancérogène de catégorie 1B","1987","12",63,75,350,NA,NA,"","CC(Cl)CCl"
"1,2-Dichlorotétrafluoroéthane (F 114)","76-14-2","","","1987","",NA,1000,7000,NA,NA,"","FC(F)(Cl)C(F)(F)Cl"
"1,2-Epoxypropane","75-56-9","Oxyde de propylène","Cancérogène de catégorie 1B,Mutagène de catégorie 1B","2020","",NA,1,2.4,NA,NA,"Valeurs limites réglementaires contraignantes (article R. 4412-149 du Code du travail)","CC1CO1"
"1,3,5-Triméthylbenzène","108-67-8","Mésitylène","","2007","84",223,20,100,50,250,"Valeurs limites réglementaires contraignantes (article R. 4412-149 du Code du travail)","Cc1cc(C)cc(C)c1"
"1,3-Butadiène","106-99-0","","Cancérogène de catégorie 1A, Mutagène de catégorie 1B","2020","99",241,1,2.2,NA,NA,"Valeurs limites réglementaires contraignantes (article R. 4412-149 du Code du travail)","C=CC=C"
"1,3-Dichloro-5,5-diméthylhydantoïne","118-52-5","","","1987","",NA,NA,0.2,NA,NA,"","CC1(C)N(Cl)C(=O)N(Cl)C1=O"
"1,3-Divinylbenzène","108-57-6","","","1987","",NA,10,50,NA,NA,"","C=Cc1cccc(C=C)c1"
"1,4-Dichlorobenzène","106-46-7","","Cancérogène de catégorie 2, Risque de pénétration percutanée","2019","9",224,0.75,4.5,10,60,"Valeurs limites réglementaires contraignantes (article R. 4412-149 du Code du travail)","Clc1ccc(Cl)cc1"
"1,4-Dioxane","123-91-1","","Cancérogène de catégorie 1B","2012","84",28,20,73,40,140,"Valeurs limites réglementaires contraignantes (article R. 4412-149 du Code du travail)","C1COCCO1"
"1-Chloro-1-nitropropane","600-25-9","","","1987","",NA,2,10,NA,NA,"","CCC(Cl)[N+]([O-])=O"
"1-Méthoxy-2-propanol","107-98-2","Ether méthylique du propylène-glycol","Risque de pénétration percutanée","2007","84",221,50,188,100,375,"Valeurs limites réglementaires contraignantes (article R. 4412-149 du Code du travail)","COCC(C)O"
"1-Nitropropane","108-03-2","","","1987","84",NA,25,90,NA,NA,"","CCC[N+]([O-])=O"
"2-(2-butoxyethoxy)éthanol","112-34-5","","","2007","84",254,10,67.5,15,101.2,"Valeurs limites réglementaires indicatives (arrêté du 30-06-2004 modifié)","CCCCOCCOCCO"
"2-(2-méthoxyéthoxy)éthanol","111-77-3","","Risque de pénétration percutanée, Toxique pour la reproduction de catégorie 2, Classification Toxique pour la reproduction de catégorie 1B dans la 18ième ATP applicable à partir du 1 décembre 2023","2007","84",NA,10,50.1,NA,NA,"Valeurs limites réglementaires indicatives (arrêté du 30-06-2004 modifié)","COCCOCCO"
"2,4,5-T","93-76-5","Acide 2,4,5-trichlorophénoxyacétique","","1987","",NA,NA,10,NA,NA,"","OC(=O)COc1cc(Cl)c(Cl)cc1Cl"
"2,4,6-Trinitrotoluène","118-96-7","","Risque de pénétration percutanée","1987","13",NA,NA,0.5,NA,NA,"","Cc1c(cc(cc1[N+]([O-])=O)[N+]([O-])=O)[N+]([O-])=O"
"2,4-D","94-75-7","Acide 2,4-dichlorophénoxyacétique","","1987","",208,NA,10,NA,NA,"","OC(=O)COc1ccc(Cl)cc1Cl"
"2,6-Di-tert-butyl-p-crésol","128-37-0","","","1987","",NA,NA,10,NA,NA,"","Cc1cc(c(O)c(c1)C(C)(C)C)C(C)(C)C"
"2-Aminopyridine","504-29-0","","","1987","",NA,0.5,2,NA,NA,"","Nc1ccccn1"
"2-Butoxyéthanol","111-76-2","Butylglycol","Risque de pénétration percutanée","2012","84",76,10,49,50,246,"Valeurs limites réglementaires contraignantes (article R. 4412-149 du Code du travail)","CCCCOCCO"
"2-Butyne-1,4-diol","110-65-6","","","2019","",NA,NA,0.5,NA,NA,"Valeurs limites réglementaires indicatives (arrêté du 30-06-2004 modifié)","OCC#CCO"
"2-Chloro-1,3-butadiène","126-99-8","Béta-Chloroprène","Cancérogène de catégorie 1B","1985","12",NA,10,36,NA,NA,"","ClC(=C)C=C"
"2-Cyanoacrylate de méthyle","137-05-3","","","1984","66",NA,2,8,4,18,"","COC(=O)C(=C)C#N"
"2-Diéthylaminoéthanol","100-37-8","Diéthyléthanolamine","Risque de pénétration percutanée","1987","49,49 BIS",NA,10,50,NA,NA,"","CCN(CC)CCO"
"2-Ethoxyéthanol","110-80-5","Ethylglycol","Risque de pénétration percutanée, Toxique pour la reproduction de catégorie 1B","2012","84",58,2,8,NA,NA,"Valeurs limites réglementaires contraignantes (article R. 4412-149 du Code du travail)","CCOCCO"
"2-Ethylhexan-1-ol","104-76-7","","","2019","84",NA,1,5.4,NA,NA,"Valeurs limites réglementaires indicatives (arrêté du 30-06-2004 modifié)","CCCCC(CC)CO"
"2-Hexanone","591-78-6","Méthyl-n-butylcétone","Toxique pour la reproduction de catégorie 2","1984","84",122,5,20,8,35,"","CCCCC(C)=O"
"2-Isopropoxyéthanol","109-59-1","","","1987","84",NA,25,105,NA,NA,"","CC(C)OCCO"
"2-Méthoxyéthanol","109-86-4","Méthylglycol","Risque de pénétration percutanée, Toxique pour la reproduction de catégorie 1B","2012","84",103,1,3.2,NA,NA,"Valeurs limites réglementaires contraignantes (article R. 4412-149 du Code du travail)","COCCO"
"2-Méthylcyclohexanone","583-60-8","","Risque de pénétration percutanée","1987","84",NA,50,230,NA,NA,"","CC1CCCCC1=O"
"2-Naphtylamine","91-59-8","","Cancérogène de catégorie 1A","1985","15,15 BIS,15 TER",NA,0.001,0.005,NA,NA,"","Nc1ccc2ccccc2c1"
"2-Nitropropane","79-46-9","","Cancérogène de catégorie 1B","2020","84",199,5,18,NA,NA,"Valeurs limites réglementaires contraignantes (article R. 4412-149 du Code du travail)","CC(C)[N+]([O-])=O"
"2-Phénylpropène","98-83-9","alpha-Méthylstyrène","Risque de pénétration percutanée","2004","",NA,25,123,100,492,"Valeurs limites réglementaires indicatives (arrêté du 30-06-2004 modifié)","CC(=C)c1ccccc1"
"3,3'-Dichloro-4,4'-diaminodiphénylméthane","101-14-4","4,4'-Méthylènebis(2-chloroaniline)","Cancérogène de catégorie 1B","1986","15,15bis,15ter",NA,0.02,0.22,NA,NA,"","Nc1ccc(Cc2ccc(N)c(Cl)c2)cc1Cl"
"3,5-Dinitro-o-toluamide","148-01-6","","","1987","",NA,NA,5,NA,NA,"","Cc1c(cc(cc1[N+]([O-])=O)[N+]([O-])=O)C(N)=O"
"3-Amino-1,2,4-triazole","61-82-5","Amitrole","Toxique pour la reproduction de catégorie 2","2019","",200,NA,0.2,NA,NA,"Valeurs limites réglementaires indicatives (arrêté du 30-06-2004 modifié)","Nc1[nH]ncn1"
"3-Chloropropène","107-05-1","Chlorure d'allyle","Cancérogène de catégorie 2,Mutagène de catégorie 2","1987","12",NA,1,3,NA,NA,"","ClCC=C"
"3-Heptanone","106-35-4","Ethylbutylcétone","","2006","84",NA,20,95,NA,NA,"Valeurs limites réglementaires contraignantes (article R. 4412-149 du Code du travail)","CCCCC(=O)CC"
"4,4'-Diisocyanate de diphénylméthane","101-68-8","","Risques d'allergie respiratoire, Cancérogène de catégorie 2","1986","62",129,0.01,0.1,0.02,0.2,"","O=C=Nc1ccc(Cc2ccc(cc2)N=C=O)cc1"
"4,4'-Méthylènebis(2-chloroaniline) (MOCA) (Fraction inhalable)","101-14-4","","Cancérogène de catégorie 1B, Risque de pénétration percutanée","2021","15,15 BIS,15 TER",292,NA,0.01,NA,NA,"Valeurs limites réglementaires indicatives (arrêté du 30-06-2004 modifié)","Nc1ccc(Cc2ccc(N)c(Cl)c2)cc1Cl"
"4,4'-Méthylènedianiline","101-77-9","","Risque de pénétration percutanée","2021","15,15 BIS",218,NA,0.08,NA,NA,"Valeurs limites réglementaires indicatives (arrêté du 30-06-2004 modifié)","Nc1ccc(Cc2ccc(N)cc2)cc1"
"4,4'-Thiobis(6-tert-butyl-m-crésol)","96-69-5","","","1987","",NA,NA,10,NA,NA,"","Cc1cc(O)c(cc1Sc2cc(c(O)cc2C)C(C)(C)C)C(C)(C)C"
"4,6-Dinitro-o-crésol","534-52-1","","Risque de pénétration percutanée, Mutagène de catégorie 2","1987","14",NA,NA,0.2,NA,NA,"","Cc1cc(cc(c1O)[N+]([O-])=O)[N+]([O-])=O"
"4-Aminobiphényle","92-67-1","","Cancérogène de catégorie 1A","1985","15,15 BIS,15 TER",NA,0.001,0.007,NA,NA,"","Nc1ccc(cc1)c2ccccc2"
"4-Aminotoluène","106-49-0","p-toluidine","Risque de pénétration percutanée, Cancérogène de catégorie 2","2021","15,15 TER",NA,1,4.46,2,8.92,"Valeurs limites réglementaires indicatives (arrêté du 30-06-2004 modifié)","Cc1ccc(N)cc1"
"4-Méthoxyphénol","150-76-5","","","1987","",NA,NA,5,NA,NA,"","COc1ccc(O)cc1"
"4-Méthyl-2-pentanol","108-11-2","Méthylisobutylcarbinol","Risque de pénétration percutanée","1987","84",NA,25,100,NA,NA,"","CC(C)CC(C)O"
"4-Nitroaniline","100-01-6","","Risque de pénétration percutanée","1987","15,15 BIS",NA,NA,3,NA,NA,"","Nc1ccc(cc1)[N+]([O-])=O"
"5-Méthyl-3-heptanone","541-85-5","Ethylisoamylcétone","","2004","84",NA,10,53,20,107,"Valeurs limites réglementaires indicatives (arrêté du 30-06-2004 modifié)","CCC(C)CC(=O)CC"
"Acétate de 1-méthylbutyle","626-38-0","Acétate de sec-amyle","","2007","",175,50,270,100,540,"Valeurs limites réglementaires contraignantes (article R. 4412-149 du Code du travail)","CCCC(C)OC(C)=O"
"Acétate de 2-butoxyéthyle","112-07-2","","Risque de pénétration percutanée","2012","84",126,10,66.5,50,333,"Valeurs limites réglementaires contraignantes (article R. 4412-149 du Code du travail)","CCCCOCCOC(C)=O"
"Acétate de 2-éthoxyéthyle","111-15-9","Acétate d'éthylglycol","Risque de pénétration percutanée, Toxique pour la reproduction de catégorie 1B","2012","84",71,2,11,NA,NA,"Valeurs limites réglementaires contraignantes (article R. 4412-149 du Code du travail)","CCOCCOC(C)=O"
"Acétate de 2-méthoxy-1-méthyléthyle","108-65-6","","Risque de pénétration percutanée","2007","",221,50,275,100,550,"Valeurs limites réglementaires contraignantes (article R. 4412-149 du Code du travail)","COCC(C)OC(C)=O"
"Acétate de 2-méthoxyéthyle","110-49-6","Acétate de méthylglycol","Risque de pénétration percutanée, Toxique pour la reproduction de catégorie 1B","2012","84",131,1,5,NA,NA,"Valeurs limites réglementaires contraignantes (article R. 4412-149 du Code du travail)","COCCOC(C)=O"
"Acétate de 3-pentyle","620-11-1","","","2004","",175,50,270,100,540,"Valeurs limites réglementaires indicatives (arrêté du 30-06-2004 modifié)","CCC(CC)OC(C)=O"
"Acétate de méthyle","79-20-9","","Risque de pénétration percutanée","1983","84",88,200,610,250,760,"","COC(C)=O"
"Acétate de n-butyle","123-86-4","","","2021","84",31,50,241,150,723,"Valeurs limites réglementaires contraignantes (article R. 4412-149 du Code du travail)","CCCCOC(C)=O"
"Acétate de n-propyle","109-60-4","","","1987","84",107,200,840,NA,NA,"","CCCOC(C)=O"
"Acétate de pentyle","628-63-7","Acétate de n-amyle","","2007","",175,50,270,100,540,"Valeurs limites réglementaires contraignantes (article R. 4412-149 du Code du travail)","CCCCCOC(C)=O"
"Acétate de sec-butyle","105-46-4","","","2021","84",NA,50,241,150,723,"Valeurs limites réglementaires contraignantes (article R. 4412-149 du Code du travail)","CCC(C)OC(C)=O"
"Acétate de sec-hexyle","108-84-9","","","1987","84",NA,50,300,NA,NA,"","CC(C)CC(C)OC(C)=O"
"Acétate de tert-butyle","540-88-5","","","1987","84",NA,200,950,NA,NA,"","CC(=O)OC(C)(C)C"
"Acétate de vinyle","108-05-4","","Cancérogène de catégorie 2","2012","",295,5,17.6,10,35.2,"Valeurs limites réglementaires contraignantes (article R. 4412-149 du Code du travail)","CC(=O)OC=C"
"Acétate d'éthyle","141-78-6","","","2019","84",18,200,734,400,1468,"Valeurs limites réglementaires contraignantes (article R. 4412-149 du Code du travail)","CCOC(C)=O"
"Acétate d'isobutyle","110-19-0","","","2021","84",124,50,241,150,723,"Valeurs limites réglementaires contraignantes (article R. 4412-149 du Code du travail)","CC(C)COC(C)=O"
"Acétate d'isopentyle","123-92-2","","","2007","84",175,50,270,100,540,"Valeurs limites réglementaires contraignantes (article R. 4412-149 du Code du travail)","CC(C)CCOC(C)=O"
"Acétate d'isopropyle","108-21-4","","","1983","84",107,250,950,300,1140,"","CC(C)OC(C)=O"
"Acétone","67-64-1","","","2007","84",3,500,1210,1000,2420,"Valeurs limites réglementaires contraignantes (article R. 4412-149 du Code du travail)","CC(C)=O"
"Acétonitrile","75-05-8","","Risque de pénétration percutanée","2007","84",104,40,70,NA,NA,"Valeurs limites réglementaires contraignantes (article R. 4412-149 du Code du travail)","CC#N"
"Acide 2,2-dichloropropionique","75-99-0","Dalapon","","1987","",NA,1,6,NA,NA,"","CC(Cl)(Cl)C(O)=O"
"Acide acétique","64-19-7","","","2019","",24,10,25,20,50,"Valeurs limites réglementaires indicatives (arrêté du 30-06-2004 modifié)","CC(O)=O"
"Acide acrylique","79-10-7","","","2019","",233,10,29,20,59,"Valeurs limites réglementaires indicatives (arrêté du 30-06-2004 modifié)","OC(=O)C=C"
"Acide formique","64-18-6","","","2007","",149,5,9,NA,NA,"Valeurs limites réglementaires indicatives (arrêté du 30-06-2004 modifié)","OC=O"
"Acide méthacrylique","79-41-4","","","1987","",NA,20,70,NA,NA,"","CC(=C)C(O)=O"
"Acide oxalique","144-62-7","","","2007","",110,NA,1,NA,NA,"Valeurs limites réglementaires indicatives (arrêté du 30-06-2004 modifié)","OC(=O)C(O)=O"
"Acide picrique","88-89-1","2,4,6-Trinitrophénol","Risque de pénétration percutanée","1987","",NA,NA,0.1,NA,NA,"","Oc1c(cc(cc1[N+]([O-])=O)[N+]([O-])=O)[N+]([O-])=O"
"Acide propionique","79-09-4","","","2004","",NA,10,31,20,62,"Valeurs limites réglementaires indicatives (arrêté du 30-06-2004 modifié)","CCC(O)=O"
"Acide thioglycolique","68-11-1","","Risque de pénétration percutanée","1987","",262,1,5,NA,NA,"","OC(=O)CS"
"Acide trichloroacétique","76-03-9","","","1987","",NA,1,5,NA,NA,"","OC(=O)C(Cl)(Cl)Cl"
"Acroléine","107-02-8","","","2019","",57,0.02,0.05,0.05,0.12,"Valeurs limites réglementaires indicatives (arrêté du 30-06-2004 modifié)","C=CC=O"
"Acrylamide","79-06-1","","Risque de pénétration percutanée, Cancérogène de catégorie 1B,Mutagène de catégorie 1B,Toxique pour la reproduction de catégorie 2","2020","",119,NA,0.1,NA,NA,"Valeurs limites réglementaires contraignantes (article R. 4412-149 du Code du travail)","NC(=O)C=C"
"Acrylate de 2-hydroxypropyle","999-61-1","","Risque de pénétration percutanée","1987","65",NA,0.5,3,NA,NA,"","CC(O)COC(=O)C=C"
"Acrylate de méthyle","96-33-3","","","2012","65",181,5,18,10,36,"Valeurs limites réglementaires contraignantes (article R. 4412-149 du Code du travail)","COC(=O)C=C"
"Acrylate de n-butyle","141-32-2","","","2004","65",NA,2,11,10,53,"Valeurs limites réglementaires indicatives (arrêté du 30-06-2004 modifié)","CCCCOC(=O)C=C"
"Acrylate d'éthyle","140-88-5","","","2012","65",185,5,21,10,42,"Valeurs limites réglementaires contraignantes (article R. 4412-149 du Code du travail)","CCOC(=O)C=C"
"Acrylonitrile","107-13-1","","Cancérogène de catégorie 1B","1986","",105,2,4.5,15,32.5,"","C=CC#N"
"Alcool allylique","107-18-6","","Risque de pénétration percutanée","2004","84",156,0.2,0.48,2,4.8,"Valeurs limites réglementaires indicatives (arrêté du 30-06-2004 modifié)","OCC=C"
"Alcool éthylique","64-17-5","","","1982","84",48,1000,1900,5000,9500,"","CCO"
"Alcool furfurylique","98-00-0","","Risque de pénétration percutanée, Cancérogène de catégorie 2","1987","74.84",160,10,40,NA,NA,"","OCc1occc1"
"Alcool isoamylique","123-51-3","","","2021","84",206,5,18,10,37,"Valeurs limites réglementaires contraignantes (article R. 4412-149 du Code du travail)","CC(C)CCO"
"Alcool isobutylique","78-83-1","","","1982","84",117,50,150,NA,NA,"","CC(C)CO"
"Alcool isopropylique","67-63-0","","","1982","84",66,NA,NA,400,980,"","CC(C)O"
"Alcool n-butylique","71-36-3","","","1982","84",80,NA,NA,50,150,"","CCCCO"
"Alcool n-propylique","71-23-8","","","1982","84",211,200,500,NA,NA,"","CCCO"
"Alcool propargylique","107-19-7","","Risque de pénétration percutanée","1987","84",NA,1,2,NA,NA,"","OCC#C"
"Alcool sec-butylique","78-92-2","","","1982","84",NA,100,300,NA,NA,"","CCC(C)O"
"Alcool tert-butylique","75-65-0","","","1982","84",NA,100,300,NA,NA,"","CC(C)(C)O"
"Aldéhyde 2-buténoïque trans","123-73-9","Aldéhyde Crotonique","Mutagène de catégorie 2","1987","",NA,2,6,NA,NA,"","C/C=C/C=O"
"Aldéhyde acétique","75-07-0","","Mutagène de catégorie 2, Cancérogène de catégorie 1B","1987","",120,100,180,NA,NA,"","CC=O"
"Aldéhyde chloroacétique","107-20-0","","Cancérogène de catégorie 2","1987","",NA,NA,NA,1,3,"","ClCC=O"
"Aldéhyde furfurylique","98-01-1","Furfural","Cancérogène de catégorie 2","1982","74.84",40,NA,NA,2,8,"","O=Cc1occc1"
"Aldéhyde glutarique","111-30-8","","","1996","65.66",171,0.1,0.4,0.2,0.8,"","O=CCCCC=O"
"Aldéhyde n-valérique","110-62-3","","","1987","",NA,50,175,NA,NA,"","CCCCC=O"
"Aldrine","309-00-2","","Risque de pénétration percutanée, Cancérogène de catégorie 2","1987","65",NA,NA,0.25,NA,NA,"","ClC1=C(Cl)C2(Cl)C3C4CC(C=C4)C3C1(Cl)C2(Cl)Cl"
"Amylacétate, tert.","625-16-1","","","2004","",175,50,270,100,540,"Valeurs limites réglementaires indicatives (arrêté du 30-06-2004 modifié)","CCC(C)(C)OC(C)=O"
"Anhydride acétique","108-24-7","","","1985","",219,NA,NA,5,20,"","CC(=O)OC(C)=O"
"Anhydride maléique","108-31-6","","Risque d'allergie","1982","66",205,NA,NA,NA,1,"","O=C1OC(=O)C=C1"
"Anhydride phtalique","85-44-9","","Risque d'allergie","1982","66,66 BIS",38,NA,NA,NA,6,"","O=C1OC(=O)c2ccccc12"
"Anhydride trimellitique (fumées)","552-30-7","","Risque d'allergie","1985","66,66 BIS",172,0.005,0.04,NA,NA,"","OC(=O)c1ccc2C(=O)OC(=O)c2c1"
"Aniline","62-53-3","","Cancérogène de catégorie 2,Mutagène de catégorie 2,Risque de pénétration percutanée","2021","15,15 BIS",19,2,7.74,5,19.35,"Valeurs limites réglementaires indicatives (arrêté du 30-06-2004 modifié)","Nc1ccccc1"
"ANTU","86-88-4","1-Naphtylthiourée","Cancérogène de catégorie 2","1987","",NA,NA,0.3,NA,NA,"","NC(=S)Nc1cccc2ccccc12"
"Atrazine","1912-24-9","","","1987","",NA,NA,5,NA,NA,"","CCNc1nc(Cl)nc(NC(C)C)n1"
"Azinphos-méthyl","86-50-0","","Risque de pénétration percutanée","1987","34",NA,NA,0.2,NA,NA,"","CO[P](=S)(OC)SCN1N=Nc2ccccc2C1=O"
"Bénomyl","17804-35-2","","Mutagène de catégorie 1B, Toxique pour la reproduction de catégorie 1B","1987","",NA,0.8,10,NA,NA,"","CCCCNC(=O)n1c(NC(=O)OC)nc2ccccc12"
"Benzène","71-43-2","","Cancérogène de catégorie 1A,Mutagène de catégorie 1B, Risque de pénétration percutanée","1997","4,4bis,84",49,1,3.25,NA,NA,"Valeurs limites réglementaires contraignantes (article R. 4412-149 du Code du travail)","c1ccccc1"
"Benzidine","92-87-5","","Cancérogène de catégorie 1A","1985","15,15 BIS,15 TER",87,0.001,0.008,NA,NA,"","Nc1ccc(cc1)c2ccc(N)cc2"
"Biphényle","92-52-4","","","1984","",101,0.2,1.5,NA,NA,"","c1ccc(cc1)c2ccccc2"
"Biphényle chloré (42% Cl)","53469-21-9","","Risque de pénétration percutanée","1987","9",194,NA,1,NA,NA,"","Clc1ccc(c(Cl)c1)c2ccc(Cl)cc2Cl"
"Biphényle chloré (54% Cl)","11097-69-1","","Risque de pénétration percutanée","1987","9",194,NA,0.5,NA,NA,"","Clc1cccc(c1Cl)c2ccc(Cl)c(Cl)c2Cl"
"Bisphénol A (poussières inhalables)","80-05-7","","Toxique pour la reproduction de catégorie 1B","2019","",279,NA,2,NA,NA,"Valeurs limites réglementaires contraignantes (article R. 4412-149 du Code du travail)","CC(C)(c1ccc(O)cc1)c2ccc(O)cc2"
"Bromacil","314-40-9","","","1987","",NA,1,10,NA,NA,"","CCC(C)N1C(=O)NC(=C(Br)C1=O)C"
"Bromochlorométhane","74-97-5","","","1987","",NA,200,1050,NA,NA,"","ClCBr"
"Bromoéthane","74-96-4","Bromure d'éthyle","Cancérogène de catégorie 2","1987","",NA,200,890,NA,NA,"","CCBr"
"Bromoéthylène","593-60-2","","Cancérogène de catégorie 1B","2020","",NA,1,4.4,NA,NA,"Valeurs limites réglementaires contraignantes (article R. 4412-149 du Code du travail)","BrC=C"
"Bromométhane","74-83-9","Bromure de méthyle","Mutagène de catégorie 2","2007","26",67,5,20,NA,NA,"Valeurs limites réglementaires contraignantes (article R. 4412-149 du Code du travail)","CBr"
"Bromotrifluorométhane (F 13 B1)","75-63-8","","","1987","",163,1000,6100,NA,NA,"","FC(F)(F)Br"
"Camphéchlore","8001-35-2","Toxaphène","Risque de pénétration percutanée, Cancérogène de catégorie 2","1987","65",NA,NA,0.5,NA,NA,"","ClCC1(CCl)C(=C)C2(Cl)C(Cl)C(Cl)C1(Cl)C2(Cl)Cl"
"Camphre","76-22-2","","","1987","",NA,2,12,NA,NA,"","CC1(C)C2CCC1(C)C(=O)C2"
"Captafol","2425-06-1","","Risque de pénétration percutanée, Cancérogène de catégorie 1B","1987","",NA,NA,0.1,NA,NA,"","ClC(Cl)C(Cl)(Cl)SN1C(=O)C2CC=CCC2C1=O"
"Captane","133-06-2","","Cancérogène de catégorie 2","1987","",NA,NA,5,NA,NA,"","ClC(Cl)(Cl)SN1C(=O)C2CC=CCC2C1=O"
"Carbaryl","63-25-2","","Cancérogène de catégorie 2","1987","34",NA,NA,5,NA,NA,"","CNC(=O)Oc1cccc2ccccc12"
"Carbofuran","1563-66-2","","","1987","34",NA,NA,0.1,NA,NA,"","CNC(=O)Oc1cccc2CC(C)(C)Oc12"
"Cétène","463-51-4","","","1987","",NA,0.5,0.9,NA,NA,"","C=C=O"
"Chlordane","57-74-9","","Risque de pénétration percutanée,Cancérogène de catégorie 2","1987","65",NA,NA,0.5,NA,NA,"","ClC1CC2C(C1Cl)C3(Cl)C(=C(Cl)C2(Cl)C3(Cl)Cl)Cl"
"Chlorobenzène","108-90-7","","","2007","9",23,5,23,15,70,"Valeurs limites réglementaires contraignantes (article R. 4412-149 du Code du travail)","Clc1ccccc1"
"Chlorodifluorométhane (F 22)","75-45-6","","","2004","",142,1000,3600,NA,NA,"Valeurs limites réglementaires indicatives (arrêté du 30-06-2004 modifié)","FC(F)Cl"
"Chloroéthane","75-00-3","Chlorure d'éthyle","Cancérogène de catégorie 2","2007","",NA,100,268,NA,NA,"Valeurs limites réglementaires indicatives (arrêté du 30-06-2004 modifié)","CCCl"
"Chlorométhane","74-87-3","Chlorure de méthyle","Cancérogène de catégorie 2","2021","27",64,20,42,NA,NA,"Valeurs limites réglementaires indicatives (arrêté du 30-06-2004 modifié)","CCl"
"Chloropentafluoroéthane","76-15-3","","","1987","",NA,1000,6320,NA,NA,"","FC(F)(F)C(F)(F)Cl"
"Chloropicrine","76-06-2","Nitrotrichlorométhane","","1987","",NA,0.1,0.7,NA,NA,"","[O-][N+](=O)C(Cl)(Cl)Cl"
"Chlorpyrifos","2921-88-2","","Risque de pénétration percutanée","1987","34",NA,NA,0.2,NA,NA,"","CCO[P](=S)(OCC)Oc1nc(Cl)c(Cl)cc1Cl"
"Chlorure de chloroacétyle","79-04-9","","","1987","",NA,0.05,0.2,NA,NA,"","ClCC(Cl)=O"
"Chlorure de cyanogène","506-77-4","","","1987","",NA,NA,NA,0.3,0.6,"","ClC#N"
"Chlorure de vinyle monomère","75-01-4","Chloroéthylène","Cancérogène de catégorie 1A","1980","52",184,1,2.59,NA,NA,"Valeurs limites réglementaires contraignantes (article R. 4412-149 du Code du travail)","ClC=C"
"Clopidol","2971-90-6","","","1987","",NA,NA,10,NA,NA,"","CC1=C(Cl)C(=O)C(=C(C)N1)Cl"
"Coumafène","81-81-2","Warfarine","Toxique pour la reproduction de catégorie 1A","1987","",216,NA,0.1,NA,NA,"","CC(=O)CC(c1ccccc1)C2=C(O)Oc3ccccc3C2=O"
"Crésols (tous isomères)","1319-77-3","","","1983","",97,5,22,NA,NA,"","Cc1ccc(O)cc1"
"Crufomate","299-86-5","","","1987","34",NA,NA,5,NA,NA,"","CN[P](=O)(OC)Oc1ccc(cc1Cl)C(C)(C)C"
"Cumène","98-82-8","Isopropylbenzène , 2-phényl-propane","Risque de pénétration percutanée, Classification Cancérogène de catégorie 1B dans la 18ième ATP applicable à partir du 1 décembre 2023","2021","84",NA,10,50,50,250,"Valeurs limites réglementaires contraignantes (article R. 4412-149 du Code du travail)","CC(C)c1ccccc1"
"Cyanamide","420-04-2","","Risque de pénétration percutanée, Cancérogène de catégorie 2, Toxique pour la reproduction de catégorie 2","2007","",NA,0.58,1,NA,NA,"Valeurs limites réglementaires indicatives (arrêté du 30-06-2004 modifié)","NC#N"
"Cyanogène","460-19-5","","","1983/1982","",NA,2,4,10,20,"","NCCN"
"Cyclohexane","110-82-7","","","2007","84",17,200,700,375,1300,"Valeurs limites réglementaires contraignantes (article R. 4412-149 du Code du travail)","C1CCCCC1"
"Cyclohexanol","108-93-0","","","1984","84",45,50,200,75,300,"","OC1CCCCC1"
"Cyclohexanone","108-94-1","","","2006","84",39,10,40.8,20,81.6,"Valeurs limites réglementaires contraignantes (article R. 4412-149 du Code du travail)","O=C1CCCCC1"
"Cyclohexène","110-83-8","","","1987","84",NA,300,1015,NA,NA,"","C1CCC=CC1"
"Cyclohexylamine","108-91-8","","Risque de pénétration percutanée, Toxique pour la reproduction de catégorie 2","1987","49,49 BIS",230,10,40,NA,NA,"","NC1CCCCC1"
"Cyclopentadiène","542-92-7","","","1987","84",NA,75,200,NA,NA,"","C1C=CC=C1"
"Cyclopentane","287-92-3","","","1987","84",NA,600,1720,NA,NA,"","C1CCCC1"
"Diacétone-alcool","123-42-2","","","1987","84",61,50,240,NA,NA,"","CC(=O)CC(C)(C)O"
"Diacétyle","431-03-8","","","2019","",NA,0.02,0.07,0.1,0.36,"Valeurs limites réglementaires indicatives (arrêté du 30-06-2004 modifié)","CC(=O)C(C)=O"
"Diazinon","333-41-5","","Risque de pénétration percutanée","1987","34",NA,NA,0.1,NA,NA,"","CCO[P](=S)(OCC)Oc1cc(C)nc(n1)C(C)C"
"Dibromodifluorométhane","75-61-6","","","1987","",NA,100,860,NA,NA,"","FC(F)(Br)Br"
"Dibromure d'éthylène","106-93-4","1,2-dibromoéthane","Risque de pénétration percutanée","2021","12",86,0.1,0.8,NA,NA,"Valeurs limites réglementaires indicatives (arrêté du 30-06-2004 modifié)","BrCCBr"
"Dichlorodifluorométhane (F 12)","75-71-8","","","1987","",135,1000,4950,NA,NA,"","FC(F)(Cl)Cl"
"Dichlorofluorométhane (F 21)","75-43-4","","","1987","",NA,10,40,NA,NA,"","FC(Cl)Cl"
"Dichlorométhane","75-09-2","Chlorure de méthylène","Cancérogène de catégorie 2,Risque de pénétration percutanée","2012","12",34,50,178,100,356,"Valeurs limites réglementaires contraignantes (article R. 4412-149 du Code du travail)","ClCCl"
"Dichlorvos","62-73-7","","Risque de pénétration percutanée","1987","34",116,0.1,1,NA,NA,"","CO[P](=O)(OC)OC=C(Cl)Cl"
"Dicrotophos","141-66-2","","Risque de pénétration percutanée","1987","34",NA,NA,0.25,NA,NA,"","CO[P](=O)(OC)OC(/C)=C/C(=O)N(C)C"
"Dicyclopentadiène","77-73-6","","","1987","",NA,5,30,NA,NA,"","C1C=CC2C3CC(C=C3)C12"
"Dieldrine","60-57-1","","Risque de pénétration percutanée, Cancérogène de catégorie 2","1987","65",189,NA,0.25,NA,NA,"","ClC1=C(Cl)C2(Cl)C3C4CC(C5OC45)C3C1(Cl)C2(Cl)Cl"
"Diéthanolamine","111-42-2","","","1987","49,49 BIS",147,3,15,NA,NA,"","OCCNCCO"
"Diéthion","563-12-2","Ethion","Risque de pénétration percutanée","1987","34",NA,NA,0.4,NA,NA,"","CCO[P](=S)(OCC)SCS[P](=S)(OCC)OCC"
"Diéthylamine","109-89-7","","","2007","49,49 BIS",114,5,15,10,30,"Valeurs limites réglementaires contraignantes (article R. 4412-149 du Code du travail)","CCNCC"
"Diéthylcétone","96-22-0","","","1987","84",NA,200,705,NA,NA,"","CCC(=O)CC"
"Diéthylènetriamine","111-40-0","","Risques d'allergie cutanée","1986","49,49 BIS",143,1,4,NA,NA,"","NCCNCCN"
"Diisobutylcétone","108-83-8","","","1987","84",NA,25,250,NA,NA,"","CC(C)CC(=O)CC(C)C"
"Diisocyanate de 1,5-naphtylène","3173-72-6","","Risques d'allergie respiratoire","1986","62",NA,0.01,0.095,0.02,0.19,"","O=C=Nc1cccc2c(cccc12)N=C=O"
"Diisocyanate de toluylène","26471-62-5","","Risques d'allergie respiratoire, Cancérogène de catégorie 2","1986","62",46,0.01,0.08,0.02,0.16,"","Cc1ccc(cc1N=C=O)N=C=O"
"Diisocyanate d'hexaméthylène","822-06-0","","Risques d'allergie respiratoire","1986","62",164,0.01,0.075,0.02,0.15,"","O=C=NCCCCCCN=C=O"
"Diisocyanate d'isophorone","4098-71-9","","Risques d'allergie respiratoire","1986","62",166,0.01,0.09,0.02,0.18,"","CC1(C)CC(CC(C)(CN=C=O)C1)N=C=O"
"Diisopropylamine","108-18-9","","Risque de pénétration percutanée","1987","49,49 BIS",NA,5,20,NA,NA,"","CC(C)NC(C)C"
"Diméthylamine","124-40-3","","","2006","49,49 BIS",NA,1,1.9,2,3.8,"Valeurs limites réglementaires contraignantes (article R. 4412-149 du Code du travail)","CNC"
"Dinitrate de 1,2-propylèneglycol","6423-43-4","","Risque de pénétration percutanée","1987","",NA,0.05,0.3,NA,NA,"","CC(CO[N+]([O-])=O)O[N+]([O-])=O"
"Dioxathion","78-34-2","","Risque de pénétration percutanée","1987","34",NA,NA,0.2,NA,NA,"","CCO[P](=S)(OCC)SC1OCCOC1S[P](=S)(OCC)OCC"
"Diphénylamine","122-39-4","","","1987","15,15 BIS",NA,NA,10,NA,NA,"","N(c1ccccc1)c2ccccc2"
"Dipropylcétone","123-19-3","","","1987","84",NA,50,235,NA,NA,"","CCCC(=O)CCC"
"Disulfiram","97-77-8","","","1987","",NA,NA,2,NA,NA,"","CCN(CC)C(=S)SSC(=S)N(CC)CC"
"Disulfoton","298-04-4","","","1987","34",NA,NA,0.1,NA,NA,"","CCO[P](=S)(OCC)SCCSCC"
"Disulfure d'allyle et de propyle","2179-59-1","","","1987","",NA,2,12,NA,NA,"","CCCSSCC=C"
"Diuron","330-54-1","","Cancérogène de catégorie 2","1987","",NA,NA,10,NA,NA,"","CN(C)C(=O)Nc1ccc(Cl)c(Cl)c1"
"Endosulfan","115-29-7","","Risque de pénétration percutanée","1987","65",NA,NA,0.1,NA,NA,"","ClC1=C(Cl)C2(Cl)C3CO[S](=O)OCC3C1(Cl)C2(Cl)Cl"
"Endrine","72-20-8","","Risque de pénétration percutanée","1987","65",NA,NA,0.1,NA,NA,"","ClC1=C(Cl)C2(Cl)C3C4CC(C5OC45)C3C1(Cl)C2(Cl)Cl"
"Epichlorhydrine","106-89-8","1-Chloro-2,3-époxypropane","Cancérogène de catégorie 1B,Risque de pénétration percutanée","2021","65.51",187,NA,1.9,NA,NA,"Valeurs limites réglementaires contraignantes (article R. 4412-149 du Code du travail)","ClCC1CO1"
"Ethanethiol","75-08-1","Ethylmercaptan","","1985","",190,0.5,1,NA,NA,"","CCS"
"Ethanolamine","141-43-5","2-Aminoéthanol","Risque de pénétration percutanée","2007","49,49 BIS",146,1,2.5,3,7.6,"Valeurs limites réglementaires contraignantes (article R. 4412-149 du Code du travail)","NCCO"
"Ether diphénylique","101-84-8","Oxyde de biphényle","","2019","",NA,1,7,2,14,"Valeurs limites réglementaires indicatives (arrêté du 30-06-2004 modifié)","O(c1ccccc1)c2ccccc2"
"Ethylamine","75-04-7","","","2007","49,49 BIS",134,5,9.4,15,28.2,"Valeurs limites réglementaires contraignantes (article R. 4412-149 du Code du travail)","CCN"
"Ethylbenzène","100-41-4","","Risque de pénétration percutanée","2007","84",266,20,88.4,100,442,"Valeurs limites réglementaires contraignantes (article R. 4412-149 du Code du travail)","CCc1ccccc1"
"Ethylène chlorohydrine","107-07-3","Alcool 2-chloroéthylique , 2-Chloroéthanol","Risque de pénétration percutanée","1987","",NA,NA,NA,1,3,"","OCCCl"
"Ethylèneglycol (vapeur)","107-21-1","","Risque de pénétration percutanée","2004","84",25,20,52,40,104,"Valeurs limites réglementaires indicatives (arrêté du 30-06-2004 modifié)","OCCO"
"Ethylidène norbornène","16219-75-3","","","1987","",NA,NA,NA,5,25,"","C\C=C1/CC2CC1C=C2"
"Fenchlorphos","299-84-3","","","1987","34",NA,NA,10,NA,NA,"","CO[P](=S)(OC)Oc1cc(Cl)c(Cl)cc1Cl"
"Fensulfothion","115-90-2","","","1987","34",NA,NA,0.1,NA,NA,"","CCO[P](=S)(OCC)Oc1ccc(cc1)[S](C)=O"
"Fluorure de carbonyle","353-50-4","","","1987","",NA,2,5,NA,NA,"","FC(F)=O"
"Fonofos","944-22-9","","Risque de pénétration percutanée","1987","34",NA,NA,0.1,NA,NA,"","CCO[P](=S)(CC)Sc1ccccc1"
"Formaldéhyde","50-00-0","Aldéhyde formique","Cancérogène de catégorie 1B, Mutagène de catégorie 2, La substance peut provoquer une sensibilisation cutanée. Les travaux exposants au formaldéhyde sont considérés comme cancérogènes (arrêté du 26 octobre 2020 modifié).","2020","43,43 BIS",7,0.3,0.37,0.6,0.74,"Valeurs limites réglementaires contraignantes (article R. 4412-149 du Code du travail)","C=O"
"Formamide","75-12-7","","Toxique pour la reproduction de catégorie 1B","1987","",285,20,30,NA,NA,"","NC=O"
"Formiate de méthyle","107-31-3","","Risque de pénétration percutanée","2019","84",NA,50,125,100,250,"Valeurs limites réglementaires indicatives (arrêté du 30-06-2004 modifié)","COC=O"
"Formiate d'éthyle","109-94-4","","","1987","84",NA,100,300,NA,NA,"","CCOC=O"
"Glycérine (aérosols de)","56-81-5","","","1987","",NA,NA,10,NA,NA,"","OCC(O)CO"
"Glycidol","556-52-5","","Cancérogène de catégorie 1B,Mutagène de catégorie 2,Toxique pour la reproduction de catégorie 1B","1987","",NA,25,75,NA,NA,"","OCC1CO1"
"Heptachlore","76-44-8","","Cancérogène de catégorie 2","1996","",NA,0.03,0.5,NA,NA,"","ClC1C=CC2C1C3(Cl)C(=C(Cl)C2(Cl)C3(Cl)Cl)Cl"
"Hexachlorocyclopentadiène","77-47-4","","","1987","",NA,0.01,0.1,NA,NA,"","ClC1=C(Cl)C(Cl)(Cl)C(=C1Cl)Cl"
"Hexachloroéthane","67-72-1","","","1993","",NA,1,NA,10,NA,"","ClC(Cl)(Cl)C(Cl)(Cl)Cl"
"Hexafluoroacétone","684-16-2","","","1987","",NA,0.1,0.7,NA,NA,"","FC(F)(F)C(=O)C(F)(F)F"
"Hexogène","121-82-4","Perhydro-1,3,5-trinitro-1,3,5-triazine , Cyclonite , Triméthylène trinitramine","Risque de pénétration percutanée","1987","",NA,NA,1.5,NA,NA,"","[O-][N+](=O)N1CN(CN(C1)[N+]([O-])=O)[N+]([O-])=O"
"Hexylèneglycol","107-41-5","","","1987","84",167,NA,NA,25,125,"","CC(O)CC(C)(C)O"
"Hydroquinone","123-31-9","","Cancérogène de catégorie 2, Mutagène de catégorie 2","1987","65",159,NA,2,NA,NA,"","Oc1ccc(O)cc1"
"Indène","95-13-6","","","1987","",NA,10,45,NA,NA,"","C1C=Cc2ccccc12"
"Iodométhane","74-88-4","","Cancérogène de catégorie 2","1996","",NA,2,12,NA,NA,"","CI"
"Isocyanate de méthyle","624-83-9","","Toxique pour la reproduction de catégorie 2","2012","62",162,NA,NA,0.02,NA,"Valeurs limites réglementaires contraignantes (article R. 4412-149 du Code du travail)","CN=C=O"
"Isopentane","78-78-4","","","2007","84",NA,1000,3000,NA,NA,"Valeurs limites réglementaires indicatives (arrêté du 30-06-2004 modifié)","CCC(C)C"
"Isophorone","78-59-1","","Cancérogène de catégorie 2","1986","84",118,NA,NA,5,25,"","CC1=CC(=O)CC(C)(C)C1"
"Isopropylamine","75-31-0","","","1987","49,49 BIS",130,5,12,NA,NA,"","CC(C)N"
"Lactate de n-butyle","138-22-7","","","1987","84",NA,5,25,NA,NA,"","CCCCOC(=O)C(C)O"
"Malathion","121-75-5","","Risque de pénétration percutanée","1987","34",NA,NA,10,NA,NA,"","CCOC(=O)CC(S[P](=S)(OC)OC)C(=O)OCC"
"Méthacrylate de méthyle","80-62-6","","","2012","82",62,50,205,100,410,"Valeurs limites réglementaires contraignantes (article R. 4412-149 du Code du travail)","COC(=O)C(C)=C"
"Méthanethiol","74-93-1","Méthylmercaptan","","1985","",190,0.5,1,NA,NA,"","CS"
"Méthanol","67-56-1","Alcool méthylique","Risque de pénétration percutanée","2007","84",5,200,260,1000,1300,"Valeurs limites réglementaires contraignantes (article R. 4412-149 du Code du travail)","CO"
"Méthomyl","16752-77-5","","Risque de pénétration percutanée","1987","",NA,NA,2.5,NA,NA,"","CNC(=O)O\N=C(/C)SC"
"Méthoxychlore","72-43-5","","","1987","65",NA,NA,10,NA,NA,"","COc1ccc(cc1)C(c2ccc(OC)cc2)C(Cl)(Cl)Cl"
"Méthylacrylonitrile","126-98-7","","Risque de pénétration percutanée","1987","",NA,1,3,NA,NA,"","CC(=C)C#N"
"Méthylal","109-87-5","Diméthoxyméthane","","1987","84",139,1000,3100,NA,NA,"","COCOC"
"Méthylamine","74-89-5","","Risque d'allergie","1982","49,49 BIS",NA,NA,NA,10,12,"","CN"
"Méthylcyclohexane","108-87-2","","","1987","84",NA,400,1600,NA,NA,"","CC1CCCCC1"
"Méthyléthylcétone","78-93-3","2-Butanone","Risque de pénétration percutanée","2007","84",14,200,600,300,900,"Valeurs limites réglementaires contraignantes (article R. 4412-149 du Code du travail)","CCC(C)=O"
"Méthylhydrazine","60-34-4","","Cancérogène de catégorie 1B","1983","49,49 BIS",NA,0.2,0.35,NA,NA,"","CNN"
"Méthylisoamylcétone","110-12-3","5-Méthyl-2-hexanone","Risque de pénétration percutanée","2004","84",NA,20,95,100,475,"Valeurs limites réglementaires indicatives (arrêté du 30-06-2004 modifié)","CC(C)CCC(C)=O"
"Méthylisobutylcétone","108-10-1","4-Méthyl-2-pentanone","Cancérogène de catégorie 2","2006","84",56,20,83,50,208,"Valeurs limites réglementaires contraignantes (article R. 4412-149 du Code du travail)","CC(C)CC(C)=O"
"Méthylisopropylcétone","563-80-4","","","1987","84",NA,200,705,NA,NA,"","CC(C)C(C)=O"
"Méthyl-n-amylcétone","110-43-0","2-Heptanone","Risque de pénétration percutanée","2007","84",NA,50,238,100,475,"Valeurs limites réglementaires contraignantes (article R. 4412-149 du Code du travail)","CCCCCC(C)=O"
"Méthyl-n-propylcétone","107-87-9","","","1987","84",NA,200,705,NA,NA,"","CCCC(C)=O"
"Métribuzine","21087-64-9","","","1987","",NA,NA,5,NA,NA,"","CSC1=NN=C(C(=O)N1N)C(C)(C)C"
"Mévinphos","7786-34-7","","Risque de pénétration percutanée","1987","34",NA,0.01,0.1,NA,NA,"","COC(=O)\C=C(/C)O[P](=O)(OC)OC"
"m-Nitrotoluène","99-08-1","","Risque de pénétration percutanée","1987","13",NA,2,11,NA,NA,"","Cc1cccc(c1)[N+]([O-])=O"
"Monocrotophos","6923-22-4","","Mutagène de catégorie 2","1987","34",NA,NA,0.25,NA,NA,"","CNC(=O)\C=C(/C)O[P](=O)(OC)OC"
"Morpholine","110-91-8","","","2007","",265,10,36,20,72,"Valeurs limites réglementaires contraignantes (article R. 4412-149 du Code du travail)","C1COCCN1"
"m-Phtalodinitrile","626-17-5","","","1987","",NA,NA,5,NA,NA,"","N#Cc1cccc(c1)C#N"
"m-Xylène","108-38-3","","Risque de pénétration percutanée","2007","84,4 BIS",77,50,221,100,442,"Valeurs limites réglementaires contraignantes (article R. 4412-149 du Code du travail)","Cc1cccc(C)c1"
"m-Xylène-α,α'-diamine","1477-55-0","m-phénylènebis(méthylamine) , 1,3-phénylènediméthanamine","","1987","",NA,NA,NA,NA,0.1,"","NCc1cccc(CN)c1"
"N,N-Dibutylaminoéthanol","102-81-8","","Risque de pénétration percutanée","1987","49,49 BIS",NA,2,14,NA,NA,"","CCCCN(CCO)CCCC"
"N,N-Diméthylacétamide","127-19-5","","Risque de pénétration percutanée, Toxique pour la reproduction de catégorie 1B","2006","",261,2,7.2,10,36,"Valeurs limites réglementaires contraignantes (article R. 4412-149 du Code du travail)","CN(C)C(C)=O"
"N,N-Diméthylaniline","121-69-7","","Risque de pénétration percutanée, Cancérogène de catégorie 2","1987","15,15 BIS",NA,5,25,NA,NA,"","CN(C)c1ccccc1"
"N,N-Diméthyléthylamine","598-56-1","","","1984","49,49 BIS",127,5,15,25,75,"","CCN(C)C"
"N,N-Diméthylformamide","68-12-2","","Risque de pénétration percutanée, Toxique pour la reproduction de catégorie 1B","2012","84",69,5,15,10,30,"Valeurs limites réglementaires contraignantes (article R. 4412-149 du Code du travail)","CN(C)C=O"
"Naled","300-76-5","","Risque de pénétration percutanée","1987","34",NA,NA,3,NA,NA,"","CO[P](=O)(OC)OC(Br)C(Cl)(Cl)Br"
"Naphtalène","91-20-3","","Cancérogène de catégorie 2","1983","",204,10,50,NA,NA,"","c1ccc2ccccc2c1"
"n-Butane","106-97-8","","","1987","",NA,800,1900,NA,NA,"","CCCC"
"n-Butylamine","109-73-9","","Risque d'allergie","1982","49,49 BIS",NA,NA,NA,5,15,"","CCCCN"
"Néopentane","463-82-1","","","2004","84",NA,1000,3000,NA,NA,"Valeurs limites réglementaires indicatives (arrêté du 30-06-2004 modifié)","CC(C)(C)C"
"N-Ethylmorpholine","100-74-3","","Risque de pénétration percutanée","1987","",NA,5,23,NA,NA,"","CCN1CCOCC1"
"n-Heptane","142-82-5","","","2007","84",168,400,1668,500,2085,"Valeurs limites réglementaires contraignantes (article R. 4412-149 du Code du travail)","CCCCCCC"
"n-Hexane","110-54-3","","Toxique pour la reproduction de catégorie 2","2007","59.84",113,20,72,NA,NA,"Valeurs limites réglementaires contraignantes (article R. 4412-149 du Code du travail)","CCCCCC"
"Nicotine","54-11-5","","Risque de pénétration percutanée","2007","",312,NA,0.5,NA,NA,"Valeurs limites réglementaires indicatives (arrêté du 30-06-2004 modifié)","CN1CCC[C@H]1c2cccnc2"
"N-Isopropylaniline","768-52-5","","Risque de pénétration percutanée","1987","15,15 BIS",NA,2,10,NA,NA,"","CC(C)Nc1ccccc1"
"Nitrapyrine","1929-82-4","","","1987","",NA,NA,10,NA,NA,"","Clc1cccc(n1)C(Cl)(Cl)Cl"
"Nitrate de n-propyle","627-13-4","","","1987","",NA,25,105,NA,NA,"","CCCO[N+]([O-])=O"
"Nitrobenzène","98-95-3","","Cancérogène de catégorie 2,Toxique pour la reproduction de catégorie 1B, Risque de pénétration percutanée","2007","13",84,0.2,1,NA,NA,"Valeurs limites réglementaires indicatives (arrêté du 30-06-2004 modifié)","[O-][N+](=O)c1ccccc1"
"Nitroéthane","79-24-3","","Risque de pénétration percutanée","2019","84",NA,20,62,100,312,"Valeurs limites réglementaires indicatives (arrêté du 30-06-2004 modifié)","CC[N+]([O-])=O"
"Nitroglycol","628-96-6","Dinitrate d'éthylène","Risque de pénétration percutanée","1995","72",NA,0.17,1,NA,NA,"","[O-][N+](=O)OCCO[N+]([O-])=O"
"Nitrométhane","75-52-5","","","1987","84",210,100,250,NA,NA,"","C[N+]([O-])=O"
"N-méthyl-2-pyrrolidone","872-50-4","","Risque de pénétration percutanée, Toxique pour la reproduction de catégorie 1B","2012","84",213,10,40,20,80,"Valeurs limites réglementaires indicatives (arrêté du 30-06-2004 modifié)","CN1CCCC1=O"
"N-Méthylaniline","100-61-8","","Risque de pénétration percutanée","1987","15,15 BIS",NA,0.5,2,NA,NA,"","CNc1ccccc1"
"n-Nonane","111-84-2","","","1987","84",NA,200,1050,NA,NA,"","CCCCCCCCC"
"n-Octane","111-65-9","","","1987","84",NA,300,1450,NA,NA,"","CCCCCCCC"
"n-Pentane","109-66-0","","","2007","84",NA,1000,3000,NA,NA,"Valeurs limites réglementaires contraignantes (article R. 4412-149 du Code du travail)","CCCCC"
"N-Vinylpyrrolidinone","88-12-0","","Cancérogène de catégorie 2","1993","",235,0.1,NA,NA,NA,"","C=CN1CCCC1=O"
"o-Anisidine","90-04-0","","Cancérogène de catégorie 1B,Mutagène de catégorie 2,Risque de pénétration percutanée","1987","15,15 BIS",NA,0.1,0.5,NA,NA,"","COc1ccccc1N"
"o-Chlorobenzylidène malononitrile","2698-41-1","","Risque de pénétration percutanée","1987","",215,NA,NA,0.05,0.4,"","Clc1ccccc1C=C(C#N)C#N"
"o-Chlorostyrène","2039-87-4","","","1987","",NA,50,285,NA,NA,"","Clc1ccccc1C=C"
"o-Chlorotoluène","95-49-8","","","1987","",NA,50,250,NA,NA,"","Cc1ccccc1Cl"
"Octachloronaphtalène","2234-13-1","","Risque de pénétration percutanée","1987","9",93,NA,0.1,NA,NA,"","Clc1c(Cl)c(Cl)c2c(Cl)c(Cl)c(Cl)c(Cl)c2c1Cl"
"Orthosilicate de tétraéthyle","78-10-4","Silicate d'éthyle","","2019","",NA,5,44,NA,NA,"Valeurs limites réglementaires indicatives (arrêté du 30-06-2004 modifié)","CCO[Si](OCC)(OCC)OCC"
"o-sec-Butylphénol","89-72-5","","Risque de pénétration percutanée","1987","",NA,5,30,NA,NA,"","CCC(C)c1ccccc1O"
"o-Toluidine","95-53-4","","Risque de pénétration percutanée, Cancérogène de catégorie 1B","2020","15,15 BIS,15 TER",197,0.1,0.5,NA,NA,"Valeurs limites réglementaires contraignantes (article R. 4412-149 du Code du travail)","Cc1ccccc1N"
"Oxyde d'allyle et de glycidyle","106-92-3","","Risque de pénétration percutanée, Cancérogène de catégorie 2,Mutagène de catégorie 2,Toxique pour la reproduction de catégorie 2","1987","",NA,5,22,NA,NA,"","C=CCOCC1CO1"
"Oxyde de 2,2'-dichlorodiéthyle","111-44-4","","Risque de pénétration percutanée, Cancérogène de catégorie 2","1987","",NA,5,30,NA,NA,"","ClCCOCCCl"
"Oxyde de biphényle chloré","55720-99-5","","","1987","",NA,NA,0.5,NA,NA,"","Clc1cc(Cl)c(Oc2c(Cl)cc(Cl)cc2Cl)c(Cl)c1"
"Oxyde de diéthyle","60-29-7","","","2007","84",10,100,308,200,616,"Valeurs limites réglementaires contraignantes (article R. 4412-149 du Code du travail)","CCOCC"
"Oxyde de diglycidyle","2238-07-5","","","1987","",NA,0.1,0.5,NA,NA,"","C(OCC1CO1)C2CO2"
"Oxyde de diisopropyle","108-20-3","","","1987","84",NA,250,1050,NA,NA,"","CC(C)OC(C)C"
"Oxyde de diméthyle","115-10-6","","","2004","",NA,1000,1920,NA,NA,"Valeurs limites réglementaires indicatives (arrêté du 30-06-2004 modifié)","COC"
"Oxyde de glycidyle et de phényle","122-60-1","","Cancérogène de catégorie 1B,Mutagène de catégorie 2","1987","",NA,1,6,NA,NA,"","C1OC1COc2ccccc2"
"Oxyde de glycidyle et d'isopropyle","4016-14-2","","","1987","",NA,50,240,NA,NA,"","CC(C)OCC1CO1"
"Oxyde de mésityle","141-79-7","","","1987","84",NA,15,60,NA,NA,"","CC(C)=CC(C)=O"
"Oxyde de n-butyle et de glycidyle","2426-08-6","","Cancérogène de catégorie 2,Mutagène de catégorie 2","1987","",NA,25,135,NA,NA,"","CCCCOCC1CO1"
"Oxyde de tert-butyle et de méthyle","1634-04-4","","","2012","84",242,50,183.5,100,367,"Valeurs limites réglementaires contraignantes (article R. 4412-149 du Code du travail)","COC(C)(C)C"
"Oxyde debis (chlorométhyle)","542-88-1","","Cancérogène de catégorie 1A","1985","81",NA,0.001,0.005,NA,NA,"","ClCOCCl"
"Oxyde d'éthylène","75-21-8","","Risque de pénétration percutanée,Cancérogène de catégorie 1B,Mutagène de catégorie 1B,Toxique pour la reproduction de catégorie 1B","2020","66",70,1,1.8,NA,NA,"Valeurs limites réglementaires contraignantes (article R. 4412-149 du Code du travail)","C1CO1"
"o-Xylène","95-47-6","","Risque de pénétration percutanée","2007","84,4 BIS",77,50,221,100,442,"Valeurs limites réglementaires contraignantes (article R. 4412-149 du Code du travail)","Cc1ccccc1C"
"p-Anisidine","104-94-9","","Risque de pénétration percutanée","1987","15,15 BIS",NA,0.1,0.5,NA,NA,"","COc1ccc(N)cc1"
"Paraquat","4685-14-7","","","1987","",182,NA,0.1,NA,NA,"","C[n+]1ccc(cc1)c2cc[n+](C)cc2"
"Parathion","56-38-2","","Risque de pénétration percutanée","1987","34",83,NA,0.1,NA,NA,"","CCO[P](=S)(OCC)Oc1ccc(cc1)[N+]([O-])=O"
"Parathion-méthyle","298-00-0","","Risque de pénétration percutanée","1987","34",NA,NA,0.2,NA,NA,"","CO[P](=S)(OC)Oc1ccc(cc1)[N+]([O-])=O"
"p-Benzoquinone","106-51-4","P-Quinone","","1984","",NA,0.1,0.4,0.3,1.5,"","O=C1C=CC(=O)C=C1"
"Pentachlorophénol","87-86-5","","Risque de pénétration percutanée, Cancérogène de catégorie 2, Risques d'allergie cutanée","1986","14",11,NA,0.5,NA,NA,"","Oc1c(Cl)c(Cl)c(Cl)c(Cl)c1Cl"
"Pentaérythritol","115-77-5","","","1987","",NA,NA,10,NA,NA,"","OCC(CO)(CO)CO"
"Perchloroéthylène","127-18-4","Tétrachloroéthylène","Risque de pénétration percutanée, Cancérogène de catégorie 2","2012","12.84",29,20,138,40,275,"Valeurs limites réglementaires contraignantes (article R. 4412-149 du Code du travail)","ClC(Cl)=C(Cl)Cl"
"Perchlorométhanethiol","594-42-3","","","1987","",NA,0.1,0.8,NA,NA,"","ClSC(Cl)(Cl)Cl"
"Peroxyde de dibenzoyle","94-36-0","","","1987","",33,NA,5,NA,NA,"","O=C(OOC(=O)c1ccccc1)c2ccccc2"
"Peroxyde de méthyléthylcétone","1338-23-4","","","1987","",50,NA,NA,0.2,1.5,"","CCC(C)(OO)OOC(C)(CC)OO"
"Phénamiphos","22224-92-6","","Risque de pénétration percutanée","1987","34",NA,NA,0.1,NA,NA,"","CCO[P](=O)(NC(C)C)Oc1ccc(SC)c(C)c1"
"Phénol","108-95-2","","Risque de pénétration percutanée, Mutagène de catégorie 2","2007","",15,2,7.8,4,15.6,"Valeurs limites réglementaires contraignantes (article R. 4412-149 du Code du travail)","Oc1ccccc1"
"Phénothiazine","92-84-2","","Risque de pénétration percutanée","1987","65",NA,NA,5,NA,NA,"","N1c2ccccc2Sc3ccccc13"
"Phénylphosphine","638-21-1","","","1987","",NA,NA,NA,0.05,0.25,"","Pc1ccccc1"
"Phénylthiophosphonate de O-éthyle et de O-4-nitrophényle","2104-64-5","","Risque de pénétration percutanée","1987","34",NA,NA,0.5,NA,NA,"","CCO[P](=S)(Oc1ccc(cc1)[N+]([O-])=O)c2ccccc2"
"Phorate","298-02-2","","Risque de pénétration percutanée","1987","34",NA,NA,0.05,NA,NA,"","CCO[P](=S)(OCC)SCSCC"
"Phosgène","75-44-5","","","2007","",72,0.02,0.08,0.1,0.4,"Valeurs limites réglementaires contraignantes (article R. 4412-149 du Code du travail)","ClC(Cl)=O"
"Phosphate de tributyle","126-73-8","","Cancérogène de catégorie 2","1987","",231,0.2,2.5,NA,NA,"","CCCCO[P](=O)(OCCCC)OCCCC"
"Phosphate de tri-o-crésyle","78-30-8","","Risque de pénétration percutanée","1987","",44,NA,0.1,NA,NA,"","Cc1ccccc1O[P](=O)(Oc2ccccc2C)Oc3ccccc3C"
"Phosphate de triphényle","115-86-6","","","1987","",NA,NA,3,NA,NA,"","O=[P](Oc1ccccc1)(Oc2ccccc2)Oc3ccccc3"
"Phosphite de triméthyle","121-45-9","","","1987","",NA,2,10,NA,NA,"","COP(OC)OC"
"Phtalate de di(2-éthylhexyle)","117-81-7","","Toxique pour la reproduction de catégorie 1B","1987","",161,NA,5,NA,NA,"","CCCCC(CC)COC(=O)c1ccccc1C(=O)OCC(CC)CCCC"
"Phtalate de dibutyle","84-74-2","","Toxique pour la reproduction de catégorie 1B","1987","",98,NA,5,NA,NA,"","CCCCOC(=O)c1ccccc1C(=O)OCCCC"
"Phtalate de diéthyle","84-66-2","","","1987","",NA,NA,5,NA,NA,"","CCOC(=O)c1ccccc1C(=O)OCC"
"Phtalate de diméthyle","131-11-3","","","1987","",NA,NA,5,NA,NA,"","COC(=O)c1ccccc1C(=O)OC"
"Piclorame","1918-02-1","","","1987","",NA,NA,10,NA,NA,"","Nc1c(Cl)c(Cl)nc(C(O)=O)c1Cl"
"Pipérazine (poussières et vapeurs)","110-85-0","","Toxique pour la reproduction de catégorie 2","2004","65.66",NA,NA,0.1,NA,0.3,"Valeurs limites réglementaires indicatives (arrêté du 30-06-2004 modifié)","C1CNCCN1"
"Pivaldione","83-26-1","Pindone","","1987","",NA,NA,0.1,NA,NA,"","CC(C)(C)C(=O)C1C(=O)c2ccccc2C1=O"
"p-Phénylènediamine","106-50-3","","Risque de pénétration percutanée,Risques d'allergie cutanée","1986","15,15 BIS",263,NA,0.1,NA,NA,"","Nc1ccc(N)cc1"
"Propoxur","114-26-1","","","1987","34",NA,NA,0.5,NA,NA,"","CNC(=O)Oc1ccccc1OC(C)C"
"Propyne","74-99-7","","","1987","",NA,1000,1650,NA,NA,"","CC#C"
"p-tert-Butyltoluène","98-51-1","","","1987","84",NA,10,60,NA,NA,"","Cc1ccc(cc1)C(C)(C)C"
"p-Xylène","106-42-3","","Risque de pénétration percutanée","2007","84,4 BIS",77,50,221,100,442,"Valeurs limites réglementaires contraignantes (article R. 4412-149 du Code du travail)","Cc1ccc(C)cc1"
"Pyridine","110-86-1","","","1983","84",85,5,15,10,30,"","c1ccncc1"
"Pyrocatéchol","120-80-9","Catéchol","Cancérogène de catégorie 1B, Mutagène de catégorie 2","1987","",NA,5,20,NA,NA,"","Oc1ccccc1O"
"Résorcinol","108-46-3","","Risque de pénétration percutanée","2007","",178,10,45,NA,NA,"Valeurs limites réglementaires indicatives (arrêté du 30-06-2004 modifié)","Oc1cccc(O)c1"
"Saccharose","57-50-1","","","1987","",NA,NA,10,NA,NA,"","OC[C@H]1O[C@H](O[C@]2(CO)O[C@H](CO)[C@@H](O)[C@@H]2O)[C@H](O)[C@@H](O)[C@@H]1O"
"Strychnine","57-24-9","","","1987","",NA,NA,0.15,NA,NA,"","O=C1C[C@@H]2OCC=C3CN4CC[C@@]56[C@@H]4C[C@@H]3[C@@H]2[C@@H]5N1c7ccccc67"
"Styrène","100-42-5","","Toxique pour la reproduction de catégorie 2,Risque de pénétration percutanée","2016","84",2,23.3,100,46.6,200,"Valeurs limites réglementaires contraignantes (article R. 4412-149 du Code du travail)","C=Cc1ccccc1"
"Sulfate de diméthyle","77-78-1","","Cancérogène de catégorie 1B,Mutagène de catégorie 2","1986","",78,0.1,0.5,NA,NA,"","CO[S](=O)(=O)OC"
"Sulfotep","3689-24-5","","Risque de pénétration percutanée","2007","34",NA,NA,0.1,NA,NA,"Valeurs limites réglementaires contraignantes (article R. 4412-149 du Code du travail)","CCO[P](=S)(OCC)O[P](=S)(OCC)OCC"
"Sulprofos","35400-43-2","","","1987","34",NA,NA,1,NA,NA,"","CCCS[P](=S)(OCC)Oc1ccc(SC)cc1"
"Téméphos","3383-96-8","","","1987","34",NA,NA,10,NA,NA,"","CO[P](=S)(OC)Oc1ccc(Sc2ccc(O[P](=S)(OC)OC)cc2)cc1"
"TEPP","107-49-3","Pyrophosphate de tétraéthyle , Diphosphate de tétraéthyle","Risque de pénétration percutanée","1987","34",NA,0.004,0.05,NA,NA,"","CCO[P](=O)(OCC)O[P](=O)(OCC)OCC"
"Terphényles","26140-60-3","","","1987","",NA,NA,NA,0.5,5,"","c1ccc(cc1)c2ccc(cc2)c3ccccc3"
"Terphényles hydrogénés","61788-32-7","","","2019","",NA,2,19,5,48,"Valeurs limites réglementaires indicatives (arrêté du 30-06-2004 modifié)","C1CC=CC(C1)c2ccc(cc2)C3CCC=CC3"
"Tétrabromométhane","558-13-4","Tétrabromure de carbone","","1987","",NA,0.1,1.4,NA,NA,"","BrC(Br)(Br)Br"
"Tétrachlorométhane","56-23-5","Tétrachlorure de carbone","Cancérogène de catégorie 2, Risque de pénétration percutanée","2019","11",8,1,6.4,5,32,"Valeurs limites réglementaires contraignantes (article R. 4412-149 du Code du travail)","ClC(Cl)(Cl)Cl"
"Tétrahydrofurane","109-99-9","","Cancérogène de catégorie 2, Risque de pénétration percutanée","2007","84",42,50,150,100,300,"Valeurs limites réglementaires contraignantes (article R. 4412-149 du Code du travail)","C1CCOC1"
"Tétraméthylsuccinonitrile","3333-52-6","","Risque de pénétration percutanée","1987","",NA,0.5,3,NA,NA,"","CC(C)(C#N)C(C)(C)C#N"
"Tétranitrométhane","509-14-8","","","1987","",NA,1,8,NA,NA,"","[O-][N+](=O)C([N+]([O-])=O)([N+]([O-])=O)[N+]([O-])=O"
"Tétryl","479-45-8","2,4,6-Trinitrophénylméthyl nitramine","Risque de pénétration percutanée","1987","15,15 BIS",NA,NA,1.5,NA,NA,"","CN(c1c(cc(cc1[N+]([O-])=O)[N+]([O-])=O)[N+]([O-])=O)[N+]([O-])=O"
"Thiophénol","108-98-5","","","1987","",NA,0.5,2,NA,NA,"","Sc1ccccc1"
"Thirame","137-26-8","","","1987","",NA,NA,5,NA,NA,"","CN(C)C(=S)SSC(=S)N(C)C"
"Toluène","108-88-3","","Toxique pour la reproduction de catégorie 2, Risque de pénétration percutanée","2012","84,4 BIS",74,20,76.8,100,384,"Valeurs limites réglementaires contraignantes (article R. 4412-149 du Code du travail)","Cc1ccccc1"
"Tribromométhane","75-25-2","Bromoforme","Risque de pénétration percutanée","1987","12,84",176,0.5,5,NA,NA,"","BrC(Br)Br"
"Trichloroéthylène","79-01-6","","Cancérogène de catégorie 1B,Mutagène de catégorie 2,Risque de pénétration percutanée","2021","12, 101",22,10,54.7,30,164.1,"Valeurs limites réglementaires contraignantes (article R. 4412-149 du Code du travail)","ClC=C(Cl)Cl"
"Trichlorofluorométhane (F 11)","75-69-4","","","1987","",136,NA,NA,1000,5600,"","FC(Cl)(Cl)Cl"
"Trichlorométhane","67-66-3","Chloroforme","Risque de pénétration percutanée, Cancérogène de catégorie 2,Toxique pour la reproduction de catégorie 2","2007","12,84",82,2,10,50,250,"Valeurs limites réglementaires contraignantes (article R. 4412-149 du Code du travail)","ClC(Cl)Cl"
"Triéthylamine","121-44-8","","Risque de pénétration percutanée","2007","49,49 BIS",115,1,4.2,3,12.6,"Valeurs limites réglementaires contraignantes (article R. 4412-149 du Code du travail)","CCN(CC)CC"
"Triiodométhane","75-47-8","Iodoforme","","1987","",NA,0.6,10,NA,NA,"","IC(I)I"
"Triméthylamine","75-50-3","","","2021","49,49 BIS",NA,2,4.9,5,12.5,"Valeurs limites réglementaires contraignantes (article R. 4412-149 du Code du travail)","CN(C)C"
"Trinitrate de glycérol","55-63-0","Nitroglycérine","Risque de pénétration percutanée","2019","72",NA,0.01,0.095,0.02,0.19,"Valeurs limites réglementaires indicatives (arrêté du 30-06-2004 modifié)","[O-][N+](=O)OCC(CO[N+]([O-])=O)O[N+]([O-])=O"
"Triphénylamine","603-34-9","","","1987","15,15 BIS",NA,NA,5,NA,NA,"","c1ccc(cc1)N(c2ccccc2)c3ccccc3"
"Vinyltoluènes (tous isomères)","25013-15-4","","","1987","",NA,50,240,NA,NA,"","Cc1cccc(C=C)c1"
"Xylène, isomères mixtes, purs","1330-20-7","","Risque de pénétration percutanée","2007","84,4 BIS",77,50,221,100,442,"Valeurs limites réglementaires contraignantes (article R. 4412-149 du Code du travail)","Cc1cccc(C)c1"
"Xylidines (tous isomères)","1300-73-8","","Risque de pénétration percutanée","1987","15,15 BIS",NA,2,10,NA,NA,"","Cc1cccc(N)c1C"
"Zeidane","50-29-3","DDT","Cancérogène de catégorie 2","1987","65",NA,NA,1,NA,NA,"","Clc1ccc(cc1)C(c2ccc(Cl)cc2)C(Cl)(Cl)Cl"
"α-Chloroacétophénone","532-27-4","","","1987","",NA,0.05,0.3,NA,NA,"","ClCC(=O)c1ccccc1"
"α-Chlorotoluène","100-44-7","Chlorure de benzyle","Cancérogène de catégorie 1B","1984","",90,1,5,2,11,"","ClCc1ccccc1"
"γ-HCH","58-89-9","Lindane","Risque de pénétration percutanée","1987","65",81,NA,0.5,NA,NA,"","ClC1C(Cl)C(Cl)C(Cl)C(Cl)C1Cl"
"ε-Caprolactame (poudre et vapeur)","105-60-2","","","2004","",NA,NA,10,NA,40,"Valeurs limites réglementaires indicatives (arrêté du 30-06-2004 modifié)","O=C1CCCCCN1"
